{
  "artifact_id": "live_short_horizon.20260701T160245617968Z",
  "classification": {
    "bias": -2.895534574391308,
    "family": "logistic_regression_sgd",
    "weights": [
      -375.61419993936886,
      -854.5504014515701,
      -206.52002300484372,
      -430.1010372838083,
      -0.035754274513734745,
      2.11538394872628,
      9.860935022344951e-06,
      -4.336695222798588e-06,
      -0.015117525592016354,
      1.9246504277859764,
      -229.25150692496337,
      -22.44800989362277,
      -0.00025291646377958597,
      0.0
    ]
  },
  "created_at": "2026-07-01T16:02:45.617968+00:00",
  "feature_names": [
    "return_30s",
    "return_1m",
    "return_3m",
    "distance_from_vwap",
    "spread_bps",
    "orderbook_imbalance",
    "bid_depth",
    "ask_depth",
    "depth_ratio",
    "liquidity_score",
    "realized_volatility_3m",
    "max_drop_3m",
    "cost_to_volatility_ratio",
    "principal_cushion_ratio"
  ],
  "feature_schema_hash": "1e4901681fc317af588b8441",
  "label_definition": "label=1 when forward_net_return_bps > LIVE_LABEL_MIN_NET_RETURN_BPS after costs",
  "live_eligible": false,
  "metrics": {
    "auc": 0.5018250127401014,
    "avg_forward_net_return_bps_top_k": -24.47242418018846,
    "example_count": 13607.0,
    "negative_labels": 10903.0,
    "positive_labels": 2704.0,
    "precision_at_k": 0.19117647058823528,
    "top_k_count": 136.0,
    "top_k_fraction": 0.009994855589035056
  },
  "reason_codes": [
    "METRICS_BELOW_LIVE_THRESHOLDS"
  ],
  "regression": {
    "bias": -7.749939314648707,
    "family": "linear_regression_sgd",
    "weights": [
      -2216.5554182254837,
      -4868.705911260521,
      1181.8293137330845,
      -10811.490376322236,
      -2.0244236848491903,
      -12.185773686805328,
      0.0006925086923900018,
      -0.0008155993359271403,
      0.06269607639893114,
      1.0011483357129056,
      2987.7725955172737,
      -3964.7416539520923,
      -0.023302994187575823,
      0.0
    ]
  },
  "thresholds": {
    "maximum_uncertainty": 0.49,
    "minimum_expected_net_return_bps": 10.0,
    "minimum_probability_success": 0.51
  },
  "training_data": {
    "label_rule": "forward_mark_price_return_after_30s_after_costs_bps > 5.0",
    "row_count": 13607,
    "row_quality": {
      "avg_forward_net_return_bps": -18.783420143677706,
      "label_sources": {
        "fallback_next_return_1m": 58,
        "forward_mark_price": 13549
      },
      "max_forward_net_return_bps": 2230.618101545253,
      "min_forward_net_return_bps": -2052.7027027027034
    },
    "schema_hash": "1e4901681fc317af588b8441",
    "source": "logs\\live-feature-frames.jsonl",
    "source_type": "collected_live_feature_frames"
  }
}